{
  "dummy_mean": {
    "rmse": 0.2810185312812473,
    "mae": 0.23661133392857145,
    "mse": 0.07897141492346937,
    "r2": -4.2837948255325387e-07,
    "median_absolute_error": 0.13255357142857138,
    "rmse_rating_scale": 1.1240741251249893,
    "mae_rating_scale": 0.9464453357142858
  },
  "dummy_median": {
    "rmse": 0.3045026682970118,
    "mae": 0.2247375,
    "mse": 0.092721875,
    "r2": -0.1741199623940506,
    "median_absolute_error": 0.25,
    "rmse_rating_scale": 1.2180106731880471,
    "mae_rating_scale": 0.89895
  },
  "ridge_one_hot": {
    "rmse": 0.23616718025985622,
    "mae": 0.1866347891085375,
    "mse": 0.055774937031891424,
    "r2": 0.2937322830193533,
    "median_absolute_error": 0.15713944933366245,
    "rmse_rating_scale": 0.9446687210394249,
    "mae_rating_scale": 0.74653915643415
  }
}
