{
  "rmse": 0.24712398003318536,
  "mae": 0.19719199008066207,
  "mse": 0.06107026150744219,
  "r2": 0.22667856808856734,
  "median_absolute_error": 0.16668936610221863,
  "rmse_rating_scale": 0.9884959201327415,
  "mae_rating_scale": 0.7887679603226483
}
