{
  "rmse": 0.24712398003318536,
  "mae": 0.19719199008066207
}